{"coef_": [[3.316969767422802, -0.045537519212926265], [-3.4325916737136093, 0.03021529412541175], [0.11562190629080626, 0.015322225087512895]], "intercept_": [-3.771886417772519, 2.8149379258053124, 0.956948491967272], "classes_": ["Agent 1", "Agent 2", "Agent 3"]}